# break_thresholds=0.100000,0.200000,0.300000,0.400000,0.500000
side_scale,threshold,break_time_or_T,max_rel_change,break_pair
0.80000000,0.100000,0.03800000,346.09566256,1-3
0.80000000,0.200000,0.06000000,346.09566256,1-3
0.80000000,0.300000,0.08200000,346.09566256,1-3
0.80000000,0.400000,0.10400000,346.09566256,1-3
0.80000000,0.500000,0.12600000,346.09566256,1-3
0.80272109,0.100000,0.04000000,334.11868403,1-3
0.80272109,0.200000,0.06200000,334.11868403,1-3
0.80272109,0.300000,0.08400000,334.11868403,1-3
0.80272109,0.400000,0.10800000,334.11868403,1-3
0.80272109,0.500000,0.13000000,334.11868403,1-3
0.80544218,0.100000,0.04000000,322.43138430,1-3
0.80544218,0.200000,0.06400000,322.43138430,1-3
0.80544218,0.300000,0.08600000,322.43138430,1-3
0.80544218,0.400000,0.11000000,322.43138430,1-3
0.80544218,0.500000,0.13400000,322.43138430,1-3
0.80816327,0.100000,0.04200000,311.02292073,1-3
0.80816327,0.200000,0.06600000,311.02292073,1-3
0.80816327,0.300000,0.09000000,311.02292073,1-3
0.80816327,0.400000,0.11400000,311.02292073,1-3
0.80816327,0.500000,0.13800000,311.02292073,1-3
0.81088435,0.100000,0.04200000,299.88263767,1-3
0.81088435,0.200000,0.06800000,299.88263767,1-3
0.81088435,0.300000,0.09200000,299.88263767,1-3
0.81088435,0.400000,0.11600000,299.88263767,1-3
0.81088435,0.500000,0.14200000,299.88263767,0-3
0.81360544,0.100000,0.04400000,289.00003875,1-3
0.81360544,0.200000,0.07000000,289.00003875,1-3
0.81360544,0.300000,0.09400000,289.00003875,1-3
0.81360544,0.400000,0.12000000,289.00003875,0-3
0.81360544,0.500000,0.14600000,289.00003875,0-3
0.81632653,0.100000,0.04400000,278.36475692,1-3
0.81632653,0.200000,0.07200000,278.36475692,1-3
0.81632653,0.300000,0.09800000,278.36475692,1-3
0.81632653,0.400000,0.12400000,278.36475692,1-3
0.81632653,0.500000,0.15200000,278.36475692,1-3
0.81904762,0.100000,0.04600000,267.96652176,1-3
0.81904762,0.200000,0.07400000,267.96652176,1-3
0.81904762,0.300000,0.10000000,267.96652176,1-3
0.81904762,0.400000,0.12800000,267.96652176,1-3
0.81904762,0.500000,0.15600000,267.96652176,1-3
0.82176871,0.100000,0.04800000,257.79512317,1-3
0.82176871,0.200000,0.07600000,257.79512317,1-3
0.82176871,0.300000,0.10400000,257.79512317,1-3
0.82176871,0.400000,0.13200000,257.79512317,1-3
0.82176871,0.500000,0.16000000,257.79512317,1-3
0.82448980,0.100000,0.04800000,247.84037082,1-3
0.82448980,0.200000,0.07800000,247.84037082,1-3
0.82448980,0.300000,0.10600000,247.84037082,0-3
0.82448980,0.400000,0.13600000,247.84037082,0-3
0.82448980,0.500000,0.16600000,247.84037082,1-3
0.82721088,0.100000,0.05000000,238.09204790,0-3
0.82721088,0.200000,0.08000000,238.09204790,0-3
0.82721088,0.300000,0.11000000,238.09204790,0-3
0.82721088,0.400000,0.14000000,238.09204790,0-3
0.82721088,0.500000,0.17200000,238.09204790,0-3
0.82993197,0.100000,0.05200000,228.53985802,1-3
0.82993197,0.200000,0.08200000,228.53985802,2-3
0.82993197,0.300000,0.11400000,228.53985802,2-3
0.82993197,0.400000,0.14400000,228.53985802,2-3
0.82993197,0.500000,0.17800000,228.53985802,2-3
0.83265306,0.100000,0.05200000,219.17336324,1-3
0.83265306,0.200000,0.08400000,219.17336324,1-3
0.83265306,0.300000,0.11600000,219.17336324,1-3
0.83265306,0.400000,0.15000000,219.17336324,1-3
0.83265306,0.500000,0.18200000,219.17336324,1-3
0.83537415,0.100000,0.05400000,209.98191077,1-3
0.83537415,0.200000,0.08800000,209.98191077,0-3
0.83537415,0.300000,0.12000000,209.98191077,0-3
0.83537415,0.400000,0.15400000,209.98191077,0-3
0.83537415,0.500000,0.18800000,209.98191077,0-3
0.83809524,0.100000,0.05600000,200.95454531,1-3
0.83809524,0.200000,0.09000000,200.95454531,1-3
0.83809524,0.300000,0.12400000,200.95454531,1-3
0.83809524,0.400000,0.15800000,200.95454531,1-3
0.83809524,0.500000,0.19600000,200.95454531,1-3
0.84081633,0.100000,0.05600000,192.07990243,1-3
0.84081633,0.200000,0.09200000,192.07990243,1-3
0.84081633,0.300000,0.12800000,192.07990243,1-3
0.84081633,0.400000,0.16400000,192.07990243,1-3
0.84081633,0.500000,0.20200000,192.07990243,1-3
0.84353741,0.100000,0.05800000,183.34607743,1-3
0.84353741,0.200000,0.09600000,183.34607743,1-3
0.84353741,0.300000,0.13200000,183.34607743,1-3
0.84353741,0.400000,0.17000000,183.34607743,1-3
0.84353741,0.500000,0.20800000,183.34607743,1-3
0.84625850,0.100000,0.06000000,174.74046127,1-3
0.84625850,0.200000,0.09800000,174.74046127,1-3
0.84625850,0.300000,0.13600000,174.74046127,1-3
0.84625850,0.400000,0.17600000,174.74046127,0-3
0.84625850,0.500000,0.21600000,174.74046127,0-3
0.84897959,0.100000,0.06200000,166.24953257,1-3
0.84897959,0.200000,0.10000000,166.24953257,1-3
0.84897959,0.300000,0.14000000,166.24953257,1-3
0.84897959,0.400000,0.18200000,166.24953257,1-3
0.84897959,0.500000,0.22400000,166.24953257,1-3
0.85170068,0.100000,0.06400000,157.85858914,1-3
0.85170068,0.200000,0.10400000,157.85858914,1-3
0.85170068,0.300000,0.14400000,157.85858914,1-3
0.85170068,0.400000,0.18800000,157.85858914,2-3
0.85170068,0.500000,0.23200000,157.85858914,2-3
0.85442177,0.100000,0.06600000,149.55139556,1-3
0.85442177,0.200000,0.10800000,149.55139556,1-3
0.85442177,0.300000,0.15000000,149.55139556,1-3
0.85442177,0.400000,0.19400000,149.55139556,1-3
0.85442177,0.500000,0.24000000,149.55139556,1-3
0.85714286,0.100000,0.06800000,141.30971138,1-3
0.85714286,0.200000,0.11000000,141.30971138,1-3
0.85714286,0.300000,0.15400000,141.30971138,1-3
0.85714286,0.400000,0.20000000,141.30971138,1-3
0.85714286,0.500000,0.25000000,141.30971138,1-3
0.85986395,0.100000,0.07000000,133.11264569,1-3
0.85986395,0.200000,0.11400000,133.11264569,1-3
0.85986395,0.300000,0.16000000,133.11264569,1-3
0.85986395,0.400000,0.20800000,133.11264569,1-3
0.85986395,0.500000,0.25800000,133.11264569,0-3
0.86258503,0.100000,0.07200000,124.93575233,1-3
0.86258503,0.200000,0.11800000,124.93575233,1-3
0.86258503,0.300000,0.16400000,124.93575233,1-3
0.86258503,0.400000,0.21600000,124.93575233,1-3
0.86258503,0.500000,0.26800000,124.93575233,1-3
0.86530612,0.100000,0.07400000,116.74972524,1-3
0.86530612,0.200000,0.12000000,116.74972524,1-3
0.86530612,0.300000,0.17000000,116.74972524,1-3
0.86530612,0.400000,0.22400000,116.74972524,1-3
0.86530612,0.500000,0.28000000,116.74972524,1-3
0.86802721,0.100000,0.07600000,108.51845441,1-3
0.86802721,0.200000,0.12400000,108.51845441,1-3
0.86802721,0.300000,0.17600000,108.51845441,1-3
0.86802721,0.400000,0.23200000,108.51845441,1-3
0.86802721,0.500000,0.29000000,108.51845441,1-3
0.87074830,0.100000,0.07800000,100.19601304,1-3
0.87074830,0.200000,0.12800000,100.19601304,0-3
0.87074830,0.300000,0.18200000,100.19601304,1-3
0.87074830,0.400000,0.24000000,100.19601304,1-3
0.87074830,0.500000,0.30400000,100.19601304,1-3
0.87346939,0.100000,0.08000000,91.72176004,0-3
0.87346939,0.200000,0.13200000,91.72176004,2-3
0.87346939,0.300000,0.18800000,91.72176004,1-3
0.87346939,0.400000,0.25000000,91.72176004,2-3
0.87346939,0.500000,0.31600000,91.72176004,2-3
0.87619048,0.100000,0.08200000,83.01188817,1-3
0.87619048,0.200000,0.13800000,83.01188817,1-3
0.87619048,0.300000,0.19600000,83.01188817,1-3
0.87619048,0.400000,0.26000000,83.01188817,1-3
0.87619048,0.500000,0.33000000,83.01188817,1-3
0.87891156,0.100000,0.08400000,73.94366616,1-3
0.87891156,0.200000,0.14200000,73.94366616,1-3
0.87891156,0.300000,0.20400000,73.94366616,1-3
0.87891156,0.400000,0.27200000,73.94366616,1-3
0.87891156,0.500000,0.34600000,73.94366616,1-3
0.88163265,0.100000,0.08600000,64.32490708,1-3
0.88163265,0.200000,0.14600000,64.32490708,0-3
0.88163265,0.300000,0.21000000,64.32490708,0-3
0.88163265,0.400000,0.28200000,64.32490708,0-3
0.88163265,0.500000,0.36400000,64.32490708,0-3
0.88435374,0.100000,0.09000000,53.81565942,1-3
0.88435374,0.200000,0.15200000,53.81565942,1-3
0.88435374,0.300000,0.22000000,53.81565942,2-3
0.88435374,0.400000,0.29600000,53.81565942,1-3
0.88435374,0.500000,0.38200000,53.81565942,2-3
0.88707483,0.100000,0.09200000,41.65532153,1-3
0.88707483,0.200000,0.15600000,41.65532153,1-3
0.88707483,0.300000,0.22800000,41.65532153,2-3
0.88707483,0.400000,0.31000000,41.65532153,2-3
0.88707483,0.500000,0.40400000,41.65532153,2-3
0.88979592,0.100000,0.09400000,25.50719715,0-3
0.88979592,0.200000,0.16200000,25.50719715,1-3
0.88979592,0.300000,0.23800000,25.50719715,1-3
0.88979592,0.400000,0.32400000,25.50719715,1-3
0.88979592,0.500000,0.42800000,25.50719715,1-3
0.89251701,0.100000,0.09800000,83.80828224,1-3
0.89251701,0.200000,0.16800000,83.80828224,1-3
0.89251701,0.300000,0.24800000,83.80828224,1-3
0.89251701,0.400000,0.34200000,83.80828224,1-3
0.89251701,0.500000,0.45600000,83.80828224,1-3
0.89523810,0.100000,0.10000000,40.80246395,1-3
0.89523810,0.200000,0.17400000,40.80246395,0-3
0.89523810,0.300000,0.25800000,40.80246395,0-3
0.89523810,0.400000,0.36200000,40.80246395,0-3
0.89523810,0.500000,0.49200000,40.80246395,0-3
0.89795918,0.100000,0.10400000,30.07574413,1-3
0.89795918,0.200000,0.18000000,30.07574413,1-3
0.89795918,0.300000,0.27000000,30.07574413,1-3
0.89795918,0.400000,0.38400000,30.07574413,1-3
0.89795918,0.500000,0.53600000,30.07574413,1-3
0.90068027,0.100000,0.10800000,123.50284516,1-3
0.90068027,0.200000,0.18800000,123.50284516,1-3
0.90068027,0.300000,0.28400000,123.50284516,1-3
0.90068027,0.400000,0.41000000,123.50284516,1-3
0.90068027,0.500000,0.59800000,123.50284516,1-3
0.90340136,0.100000,0.11200000,47.52160667,1-3
0.90340136,0.200000,0.19600000,47.52160667,1-3
0.90340136,0.300000,0.29800000,47.52160667,1-3
0.90340136,0.400000,0.44200000,47.52160667,1-3
0.90340136,0.500000,0.72000000,47.52160667,1-3
0.90612245,0.100000,0.11400000,27.36097673,1-3
0.90612245,0.200000,0.20400000,27.36097673,1-3
0.90612245,0.300000,0.31600000,27.36097673,0-3
0.90612245,0.400000,0.48600000,27.36097673,0-3
0.90612245,0.500000,12.25400000,27.36097673,0-3
0.90884354,0.100000,0.11800000,35.07277113,1-3
0.90884354,0.200000,0.21200000,35.07277113,1-3
0.90884354,0.300000,0.33400000,35.07277113,1-3
0.90884354,0.400000,0.55800000,35.07277113,1-3
0.90884354,0.500000,13.81600000,35.07277113,1-3
0.91156463,0.100000,0.12200000,34.65862635,0-3
0.91156463,0.200000,0.22200000,34.65862635,1-3
0.91156463,0.300000,0.35800000,34.65862635,1-3
0.91156463,0.400000,14.01200000,34.65862635,1-3
0.91156463,0.500000,15.32600000,34.65862635,1-3
0.91428571,0.100000,0.12600000,54.69547004,0-3
0.91428571,0.200000,0.23200000,54.69547004,1-3
0.91428571,0.300000,0.38600000,54.69547004,1-3
0.91428571,0.400000,16.81000000,54.69547004,1-3
0.91428571,0.500000,16.87600000,54.69547004,1-3
0.91700680,0.100000,0.13200000,42.29634333,0-3
0.91700680,0.200000,0.24200000,42.29634333,0-3
0.91700680,0.300000,0.42600000,42.29634333,1-3
0.91700680,0.400000,19.58800000,42.29634333,1-3
0.91700680,0.500000,19.66400000,42.29634333,1-3
0.91972789,0.100000,0.13600000,1.72972265,1-3
0.91972789,0.200000,0.25600000,1.72972265,1-3
0.91972789,0.300000,0.50200000,1.72972265,1-3
0.91972789,0.400000,22.30000000,1.72972265,2-3
0.91972789,0.500000,22.44400000,1.72972265,2-3
0.92244898,0.100000,0.14200000,6.91888393,1-3
0.92244898,0.200000,0.27000000,6.91888393,1-3
0.92244898,0.300000,23.59800000,6.91888393,1-2
0.92244898,0.400000,24.71600000,6.91888393,1-2
0.92244898,0.500000,24.88600000,6.91888393,1-3
0.92517007,0.100000,0.14600000,51.23500271,1-3
0.92517007,0.200000,0.28600000,51.23500271,1-3
0.92517007,0.300000,27.09800000,51.23500271,0-3
0.92517007,0.400000,28.93200000,51.23500271,1-2
0.92517007,0.500000,29.33600000,51.23500271,0-2
0.92789116,0.100000,0.15200000,37.39904080,1-3
0.92789116,0.200000,0.30400000,37.39904080,1-3
0.92789116,0.300000,28.30200000,37.39904080,1-2
0.92789116,0.400000,29.31800000,37.39904080,1-2
0.92789116,0.500000,30.63000000,37.39904080,1-3
0.93061224,0.100000,0.15800000,18.75032247,1-3
0.93061224,0.200000,0.33000000,18.75032247,0-3
0.93061224,0.300000,28.50400000,18.75032247,0-2
0.93061224,0.400000,28.91200000,18.75032247,1-2
0.93061224,0.500000,32.59400000,18.75032247,0-3
0.93333333,0.100000,0.16400000,6.45097934,1-3
0.93333333,0.200000,0.36200000,6.45097934,1-3
0.93333333,0.300000,29.79400000,6.45097934,0-2
0.93333333,0.400000,30.24600000,6.45097934,1-2
0.93333333,0.500000,34.14400000,6.45097934,1-2
0.93605442,0.100000,0.17200000,8.83409211,0-3
0.93605442,0.200000,0.44000000,8.83409211,1-3
0.93605442,0.300000,30.00200000,8.83409211,1-2
0.93605442,0.400000,30.80600000,8.83409211,0-2
0.93605442,0.500000,31.39200000,8.83409211,2-3
0.93877551,0.100000,0.18000000,1.85408938,1-3
0.93877551,0.200000,30.41000000,1.85408938,0-2
0.93877551,0.300000,32.03200000,1.85408938,0-1
0.93877551,0.400000,32.21200000,1.85408938,0-1
0.93877551,0.500000,37.34800000,1.85408938,2-3
0.94149660,0.100000,0.18800000,1.52246225,1-3
0.94149660,0.200000,28.94600000,1.52246225,0-1
0.94149660,0.300000,30.69200000,1.52246225,0-1
0.94149660,0.400000,30.98000000,1.52246225,1-2
0.94149660,0.500000,32.35000000,1.52246225,0-3
0.94421769,0.100000,0.19800000,4.91983908,0-3
0.94421769,0.200000,29.31000000,4.91983908,0-2
0.94421769,0.300000,29.86200000,4.91983908,1-2
0.94421769,0.400000,29.98000000,4.91983908,1-2
0.94421769,0.500000,31.90800000,4.91983908,0-3
0.94693878,0.100000,0.20800000,1.45055851,1-3
0.94693878,0.200000,28.87800000,1.45055851,1-2
0.94693878,0.300000,29.79400000,1.45055851,1-2
0.94693878,0.400000,30.61800000,1.45055851,0-2
0.94693878,0.500000,31.16000000,1.45055851,1-3
0.94965986,0.100000,0.22000000,1.48997867,1-3
0.94965986,0.200000,30.31000000,1.48997867,0-2
0.94965986,0.300000,31.22400000,1.48997867,0-2
0.94965986,0.400000,31.60000000,1.48997867,1-2
0.94965986,0.500000,34.38200000,1.48997867,1-3
0.95238095,0.100000,0.23400000,1.38602926,1-3
0.95238095,0.200000,14.42200000,1.38602926,1-2
0.95238095,0.300000,14.63000000,1.38602926,1-2
0.95238095,0.400000,14.72000000,1.38602926,1-2
0.95238095,0.500000,30.88000000,1.38602926,2-3
0.95510204,0.100000,0.25200000,1.45113612,1-3
0.95510204,0.200000,12.01000000,1.45113612,1-2
0.95510204,0.300000,12.13800000,1.45113612,1-2
0.95510204,0.400000,12.21800000,1.45113612,1-2
0.95510204,0.500000,20.22400000,1.45113612,1-3
0.95782313,0.100000,0.27400000,1.52290445,1-3
0.95782313,0.200000,13.61400000,1.52290445,1-2
0.95782313,0.300000,13.74800000,1.52290445,1-2
0.95782313,0.400000,13.82800000,1.52290445,1-2
0.95782313,0.500000,16.83400000,1.52290445,1-3
0.96054422,0.100000,0.30800000,1.45487327,0-3
0.96054422,0.200000,8.75800000,1.45487327,1-2
0.96054422,0.300000,8.87600000,1.45487327,1-2
0.96054422,0.400000,8.99400000,1.45487327,1-2
0.96054422,0.500000,17.07600000,1.45487327,2-3
0.96326531,0.100000,6.16800000,1.48104233,2-3
0.96326531,0.200000,7.30200000,1.48104233,0-1
0.96326531,0.300000,7.50200000,1.48104233,0-1
0.96326531,0.400000,7.59200000,1.48104233,0-1
0.96326531,0.500000,16.80600000,1.48104233,1-3
0.96598639,0.100000,6.28200000,1.44763070,0-1
0.96598639,0.200000,6.56600000,1.44763070,0-1
0.96598639,0.300000,6.72400000,1.44763070,0-1
0.96598639,0.400000,6.81000000,1.44763070,0-1
0.96598639,0.500000,11.62800000,1.44763070,2-3
0.96870748,0.100000,5.82600000,1.17781558,0-1
0.96870748,0.200000,6.06800000,1.17781558,0-1
0.96870748,0.300000,6.18800000,1.17781558,0-1
0.96870748,0.400000,6.29800000,1.17781558,0-1
0.96870748,0.500000,7.98400000,1.17781558,0-3
0.97142857,0.100000,5.40800000,1.20887851,1-2
0.97142857,0.200000,5.71200000,1.20887851,1-2
0.97142857,0.300000,5.86200000,1.20887851,1-2
0.97142857,0.400000,5.94800000,1.20887851,1-2
0.97142857,0.500000,9.61000000,1.20887851,0-3
0.97414966,0.100000,5.22200000,1.31891055,0-1
0.97414966,0.200000,5.40800000,1.31891055,0-1
0.97414966,0.300000,5.59400000,1.31891055,0-1
0.97414966,0.400000,5.69600000,1.31891055,0-1
0.97414966,0.500000,12.71800000,1.31891055,0-3
0.97687075,0.100000,5.03600000,1.24492884,1-2
0.97687075,0.200000,5.24200000,1.24492884,1-2
0.97687075,0.300000,5.38400000,1.24492884,1-2
0.97687075,0.400000,5.49800000,1.24492884,1-2
0.97687075,0.500000,16.22800000,1.24492884,0-3
0.97959184,0.100000,4.74400000,1.24853477,1-2
0.97959184,0.200000,5.11400000,1.24853477,1-2
0.97959184,0.300000,5.24200000,1.24853477,1-2
0.97959184,0.400000,5.34800000,1.24853477,1-2
0.97959184,0.500000,6.58200000,1.24853477,0-3
0.98231293,0.100000,4.62800000,1.25823232,0-1
0.98231293,0.200000,5.01000000,1.25823232,0-1
0.98231293,0.300000,5.14000000,1.25823232,0-1
0.98231293,0.400000,5.23800000,1.25823232,0-1
0.98231293,0.500000,7.39000000,1.25823232,0-3
0.98503401,0.100000,4.56400000,1.33496313,0-1
0.98503401,0.200000,4.92800000,1.33496313,0-1
0.98503401,0.300000,5.06400000,1.33496313,0-1
0.98503401,0.400000,5.15800000,1.33496313,0-1
0.98503401,0.500000,6.26800000,1.33496313,2-3
0.98775510,0.100000,4.51600000,1.22911686,0-1
0.98775510,0.200000,4.86600000,1.22911686,0-1
0.98775510,0.300000,5.01000000,1.22911686,0-1
0.98775510,0.400000,5.10400000,1.22911686,0-1
0.98775510,0.500000,6.17600000,1.22911686,2-3
0.99047619,0.100000,4.48200000,1.18091189,0-1
0.99047619,0.200000,4.82800000,1.18091189,0-1
0.99047619,0.300000,4.97600000,1.18091189,0-1
0.99047619,0.400000,5.07000000,1.18091189,0-1
0.99047619,0.500000,6.18600000,1.18091189,2-3
0.99319728,0.100000,4.46200000,1.22584768,1-2
0.99319728,0.200000,4.80800000,1.22584768,1-2
0.99319728,0.300000,4.95800000,1.22584768,1-2
0.99319728,0.400000,5.05400000,1.22584768,1-2
0.99319728,0.500000,6.18000000,1.22584768,0-3
0.99591837,0.100000,4.45000000,1.29969996,0-2
0.99591837,0.200000,4.80600000,1.29969996,0-2
0.99591837,0.300000,4.95600000,1.29969996,0-2
0.99591837,0.400000,5.05400000,1.29969996,0-2
0.99591837,0.500000,6.15200000,1.29969996,1-3
0.99863946,0.100000,4.45000000,1.20455426,1-2
0.99863946,0.200000,4.82000000,1.20455426,1-2
0.99863946,0.300000,4.96800000,1.20455426,1-2
0.99863946,0.400000,5.06800000,1.20455426,1-2
0.99863946,0.500000,6.16200000,1.20455426,0-3
1.00136054,0.100000,4.45800000,1.04764392,1-2
1.00136054,0.200000,4.84800000,1.04764392,1-2
1.00136054,0.300000,4.99600000,1.04764392,1-2
1.00136054,0.400000,5.09800000,1.04764392,1-2
1.00136054,0.500000,6.21400000,1.04764392,0-3
1.00408163,0.100000,4.47800000,1.20148251,0-1
1.00408163,0.200000,4.89000000,1.20148251,0-1
1.00408163,0.300000,5.03600000,1.20148251,0-1
1.00408163,0.400000,5.14400000,1.20148251,0-1
1.00408163,0.500000,6.25000000,1.20148251,2-3
1.00680272,0.100000,4.51000000,1.16798828,0-1
1.00680272,0.200000,4.94200000,1.16798828,0-1
1.00680272,0.300000,5.09000000,1.16798828,0-1
1.00680272,0.400000,5.20600000,1.16798828,0-1
1.00680272,0.500000,6.38200000,1.16798828,2-3
1.00952381,0.100000,4.56600000,1.09026410,1-2
1.00952381,0.200000,5.00400000,1.09026410,1-2
1.00952381,0.300000,5.16200000,1.09026410,1-2
1.00952381,0.400000,5.28600000,1.09026410,1-2
1.00952381,0.500000,10.56400000,1.09026410,0-3
1.01224490,0.100000,4.79400000,1.07218885,1-2
1.01224490,0.200000,5.07800000,1.07218885,1-2
1.01224490,0.300000,5.26000000,1.07218885,1-2
1.01224490,0.400000,5.38200000,1.07218885,1-2
1.01224490,0.500000,9.31400000,1.07218885,1-3
1.01496599,0.100000,4.92000000,1.04683875,0-1
1.01496599,0.200000,5.16800000,1.04683875,0-1
1.01496599,0.300000,5.38200000,1.04683875,0-1
1.01496599,0.400000,5.49600000,1.04683875,0-1
1.01496599,0.500000,21.31000000,1.04683875,2-3
1.01768707,0.100000,5.02200000,1.20189488,1-2
1.01768707,0.200000,5.29600000,1.20189488,1-2
1.01768707,0.300000,5.52200000,1.20189488,1-2
1.01768707,0.400000,5.62800000,1.20189488,1-2
1.01768707,0.500000,16.62400000,1.20189488,0-3
1.02040816,0.100000,5.11800000,1.13358283,0-1
1.02040816,0.200000,5.50000000,1.13358283,0-1
1.02040816,0.300000,5.67600000,1.13358283,0-1
1.02040816,0.400000,5.77800000,1.13358283,0-1
1.02040816,0.500000,6.96400000,1.13358283,2-3
1.02312925,0.100000,5.21200000,1.24150451,0-1
1.02312925,0.200000,5.69400000,1.24150451,0-1
1.02312925,0.300000,5.84600000,1.24150451,0-1
1.02312925,0.400000,5.96600000,1.24150451,0-1
1.02312925,0.500000,7.15000000,1.24150451,2-3
1.02585034,0.100000,5.31600000,1.20495666,1-2
1.02585034,0.200000,5.88000000,1.20495666,1-2
1.02585034,0.300000,6.07000000,1.20495666,1-2
1.02585034,0.400000,6.20400000,1.20495666,1-2
1.02585034,0.500000,13.15000000,1.20495666,1-3
1.02857143,0.100000,5.84400000,1.16027293,1-2
1.02857143,0.200000,6.11000000,1.16027293,1-2
1.02857143,0.300000,6.37200000,1.16027293,1-2
1.02857143,0.400000,6.48000000,1.16027293,1-2
1.02857143,0.500000,21.56600000,1.16027293,0-3
1.03129252,0.100000,6.03000000,1.18971609,1-2
1.03129252,0.200000,6.53800000,1.18971609,1-2
1.03129252,0.300000,6.69200000,1.18971609,1-2
1.03129252,0.400000,6.81600000,1.18971609,1-2
1.03129252,0.500000,8.12200000,1.18971609,0-3
1.03401361,0.100000,6.21600000,1.06165892,1-2
1.03401361,0.200000,6.89200000,1.06165892,1-2
1.03401361,0.300000,7.17200000,1.06165892,1-2
1.03401361,0.400000,7.28400000,1.06165892,1-2
1.03401361,0.500000,22.86200000,1.06165892,2-3
1.03673469,0.100000,6.96000000,1.14593057,1-2
1.03673469,0.200000,7.58400000,1.14593057,1-2
1.03673469,0.300000,7.79000000,1.14593057,1-2
1.03673469,0.400000,7.93400000,1.14593057,1-2
1.03673469,0.500000,15.36600000,1.14593057,0-3
1.03945578,0.100000,7.89400000,1.16825867,1-2
1.03945578,0.200000,8.66200000,1.16825867,1-2
1.03945578,0.300000,8.96200000,1.16825867,1-2
1.03945578,0.400000,9.07000000,1.16825867,1-2
1.03945578,0.500000,12.07800000,1.16825867,0-3
1.04217687,0.100000,9.61200000,1.08531587,0-2
1.04217687,0.200000,10.61000000,1.08531587,0-2
1.04217687,0.300000,10.79400000,1.08531587,0-2
1.04217687,0.400000,10.90200000,1.08531587,0-2
1.04217687,0.500000,21.53200000,1.08531587,0-1
1.04489796,0.100000,7.89200000,1.22858882,0-1
1.04489796,0.200000,8.64600000,1.22858882,0-1
1.04489796,0.300000,8.97400000,1.22858882,0-1
1.04489796,0.400000,9.08400000,1.22858882,0-1
1.04489796,0.500000,9.18000000,1.22858882,0-1
1.04761905,0.100000,7.13800000,1.19581832,0-1
1.04761905,0.200000,8.29800000,1.19581832,0-1
1.04761905,0.300000,8.45800000,1.19581832,0-1
1.04761905,0.400000,8.59000000,1.19581832,0-1
1.04761905,0.500000,14.25000000,1.19581832,1-2
1.05034014,0.100000,7.09800000,1.46436310,0-1
1.05034014,0.200000,7.96600000,1.46436310,0-1
1.05034014,0.300000,8.29400000,1.46436310,0-1
1.05034014,0.400000,8.40000000,1.46436310,0-1
1.05034014,0.500000,11.59600000,1.46436310,0-1
1.05306122,0.100000,6.38400000,1.07543547,1-2
1.05306122,0.200000,7.88000000,1.07543547,1-2
1.05306122,0.300000,8.24800000,1.07543547,1-2
1.05306122,0.400000,8.36000000,1.07543547,1-2
1.05306122,0.500000,8.45400000,1.07543547,1-2
1.05578231,0.100000,6.38400000,1.38036700,0-1
1.05578231,0.200000,7.91600000,1.38036700,0-1
1.05578231,0.300000,8.30400000,1.38036700,0-1
1.05578231,0.400000,8.41400000,1.38036700,0-1
1.05578231,0.500000,8.51400000,1.38036700,0-1
1.05850340,0.100000,5.59800000,19.74601589,1-2
1.05850340,0.200000,8.23600000,19.74601589,1-2
1.05850340,0.300000,8.44400000,19.74601589,1-2
1.05850340,0.400000,8.55400000,19.74601589,1-2
1.05850340,0.500000,12.61600000,19.74601589,0-3
1.06122449,0.100000,0.48800000,1.34195940,0-3
1.06122449,0.200000,8.49800000,1.34195940,1-2
1.06122449,0.300000,8.65800000,1.34195940,1-2
1.06122449,0.400000,8.83200000,1.34195940,1-2
1.06122449,0.500000,8.95000000,1.34195940,1-2
1.06394558,0.100000,0.46800000,1.04855061,1-3
1.06394558,0.200000,8.76000000,1.04855061,0-2
1.06394558,0.300000,9.13600000,1.04855061,0-2
1.06394558,0.400000,9.25800000,1.04855061,0-2
1.06394558,0.500000,9.34600000,1.04855061,0-2
1.06666667,0.100000,0.45600000,1.17733145,0-3
1.06666667,0.200000,9.51000000,1.17733145,1-2
1.06666667,0.300000,9.72600000,1.17733145,1-2
1.06666667,0.400000,9.91800000,1.17733145,1-2
1.06666667,0.500000,10.01600000,1.17733145,1-2
1.06938776,0.100000,0.44800000,1.23842036,2-3
1.06938776,0.200000,10.54600000,1.23842036,1-2
1.06938776,0.300000,10.96000000,1.23842036,1-2
1.06938776,0.400000,11.07800000,1.23842036,1-2
1.06938776,0.500000,11.16800000,1.23842036,1-2
1.07210884,0.100000,0.44000000,20.12017669,2-3
1.07210884,0.200000,13.81800000,20.12017669,1-2
1.07210884,0.300000,13.98800000,20.12017669,1-2
1.07210884,0.400000,14.20000000,20.12017669,1-2
1.07210884,0.500000,14.30600000,20.12017669,1-2
1.07482993,0.100000,0.43400000,1.19829774,2-3
1.07482993,0.200000,30.29800000,1.19829774,0-1
1.07482993,0.300000,30.95200000,1.19829774,0-1
1.07482993,0.400000,31.09000000,1.19829774,0-1
1.07482993,0.500000,31.20600000,1.19829774,0-1
1.07755102,0.100000,0.42800000,0.96286543,0-3
1.07755102,0.200000,30.18400000,0.96286543,0-1
1.07755102,0.300000,30.41200000,0.96286543,0-1
1.07755102,0.400000,30.57600000,0.96286543,0-1
1.07755102,0.500000,30.74800000,0.96286543,0-1
1.08027211,0.100000,0.42400000,1.06937621,0-3
1.08027211,0.200000,29.72200000,1.06937621,0-1
1.08027211,0.300000,30.33600000,1.06937621,0-1
1.08027211,0.400000,30.48600000,1.06937621,0-1
1.08027211,0.500000,30.59600000,1.06937621,0-1
1.08299320,0.100000,0.42000000,9.72963886,2-3
1.08299320,0.200000,29.79000000,9.72963886,1-2
1.08299320,0.300000,30.04600000,9.72963886,1-2
1.08299320,0.400000,30.37600000,9.72963886,1-2
1.08299320,0.500000,30.49200000,9.72963886,1-2
1.08571429,0.100000,0.41600000,1.08634960,0-3
1.08571429,0.200000,30.91400000,1.08634960,1-2
1.08571429,0.300000,31.46400000,1.08634960,1-2
1.08571429,0.400000,31.63400000,1.08634960,1-2
1.08571429,0.500000,31.74600000,1.08634960,1-2
1.08843537,0.100000,0.41400000,1.34426881,2-3
1.08843537,0.200000,31.10600000,1.34426881,0-1
1.08843537,0.300000,31.73000000,1.34426881,0-1
1.08843537,0.400000,31.88600000,1.34426881,0-1
1.08843537,0.500000,31.99600000,1.34426881,0-1
1.09115646,0.100000,0.41200000,1.66734285,0-3
1.09115646,0.200000,31.34400000,1.66734285,0-2
1.09115646,0.300000,32.13000000,1.66734285,0-2
1.09115646,0.400000,32.29000000,1.66734285,0-2
1.09115646,0.500000,32.43400000,1.66734285,0-2
1.09387755,0.100000,0.41000000,1.41558900,2-3
1.09387755,0.200000,31.33000000,1.41558900,0-1
1.09387755,0.300000,31.52000000,1.41558900,0-1
1.09387755,0.400000,31.80200000,1.41558900,0-1
1.09387755,0.500000,31.96200000,1.41558900,0-1
1.09659864,0.100000,0.40800000,1.21691179,2-3
1.09659864,0.200000,32.52000000,1.21691179,0-1
1.09659864,0.300000,33.12600000,1.21691179,0-1
1.09659864,0.400000,33.27400000,1.21691179,0-1
1.09659864,0.500000,33.37600000,1.21691179,0-1
1.09931973,0.100000,0.40600000,4.46231814,2-3
1.09931973,0.200000,29.87600000,4.46231814,1-2
1.09931973,0.300000,30.08800000,4.46231814,1-2
1.09931973,0.400000,30.46600000,4.46231814,1-2
1.09931973,0.500000,30.58800000,4.46231814,1-2
1.10204082,0.100000,0.40600000,1.36252724,2-3
1.10204082,0.200000,30.05800000,1.36252724,1-2
1.10204082,0.300000,30.27600000,1.36252724,1-2
1.10204082,0.400000,30.66800000,1.36252724,1-2
1.10204082,0.500000,30.78800000,1.36252724,1-2
1.10476190,0.100000,0.40600000,0.99850447,0-3
1.10476190,0.200000,30.28200000,0.99850447,0-1
1.10476190,0.300000,30.87200000,0.99850447,0-1
1.10476190,0.400000,31.03200000,0.99850447,0-1
1.10476190,0.500000,31.13400000,0.99850447,0-1
1.10748299,0.100000,0.40400000,1.23185887,0-3
1.10748299,0.200000,30.50600000,1.23185887,0-2
1.10748299,0.300000,31.16800000,1.23185887,0-2
1.10748299,0.400000,31.34000000,1.23185887,0-2
1.10748299,0.500000,31.45600000,1.23185887,0-2
1.11020408,0.100000,0.40400000,2.88981068,2-3
1.11020408,0.200000,31.57400000,2.88981068,0-1
1.11020408,0.300000,32.02200000,2.88981068,0-1
1.11020408,0.400000,32.27400000,2.88981068,0-1
1.11020408,0.500000,32.38600000,2.88981068,0-1
1.11292517,0.100000,0.40400000,15.16642300,2-3
1.11292517,0.200000,29.93800000,15.16642300,1-2
1.11292517,0.300000,30.73400000,15.16642300,1-2
1.11292517,0.400000,30.87000000,15.16642300,1-2
1.11292517,0.500000,31.00000000,15.16642300,1-2
1.11564626,0.100000,0.40400000,1.10168042,2-3
1.11564626,0.200000,30.21200000,1.10168042,0-1
1.11564626,0.300000,31.19600000,1.10168042,0-1
1.11564626,0.400000,31.46400000,1.10168042,0-1
1.11564626,0.500000,31.67800000,1.10168042,0-1
1.11836735,0.100000,0.40400000,1.19043181,0-3
1.11836735,0.200000,29.41200000,1.19043181,0-1
1.11836735,0.300000,30.38000000,1.19043181,0-1
1.11836735,0.400000,30.57600000,1.19043181,0-1
1.11836735,0.500000,30.76400000,1.19043181,0-1
1.12108844,0.100000,0.40400000,1.11325364,0-3
1.12108844,0.200000,29.55400000,1.11325364,0-1
1.12108844,0.300000,30.43400000,1.11325364,0-1
1.12108844,0.400000,30.58800000,1.11325364,0-1
1.12108844,0.500000,30.71800000,1.11325364,0-1
1.12380952,0.100000,0.40400000,21.57392527,0-3
1.12380952,0.200000,30.67200000,21.57392527,0-1
1.12380952,0.300000,31.19400000,21.57392527,0-1
1.12380952,0.400000,31.48400000,21.57392527,0-1
1.12380952,0.500000,31.62800000,21.57392527,0-1
1.12653061,0.100000,0.40600000,1.75295739,0-3
1.12653061,0.200000,29.95000000,1.75295739,0-1
1.12653061,0.300000,30.92200000,1.75295739,0-1
1.12653061,0.400000,31.20000000,1.75295739,0-1
1.12653061,0.500000,31.40600000,1.75295739,0-1
1.12925170,0.100000,0.40600000,13.39946513,0-3
1.12925170,0.200000,29.08400000,13.39946513,1-2
1.12925170,0.300000,29.87400000,13.39946513,1-2
1.12925170,0.400000,30.01000000,13.39946513,1-2
1.12925170,0.500000,30.13000000,13.39946513,1-2
1.13197279,0.100000,0.40600000,11.83157125,2-3
1.13197279,0.200000,28.35000000,11.83157125,1-2
1.13197279,0.300000,29.38000000,11.83157125,1-2
1.13197279,0.400000,29.75600000,11.83157125,1-2
1.13197279,0.500000,29.91200000,11.83157125,1-2
1.13469388,0.100000,0.40800000,1.54891861,0-3
1.13469388,0.200000,28.50800000,1.54891861,0-1
1.13469388,0.300000,29.43600000,1.54891861,0-1
1.13469388,0.400000,29.60000000,1.54891861,0-1
1.13469388,0.500000,29.73200000,1.54891861,0-1
1.13741497,0.100000,0.40800000,1.79195581,2-3
1.13741497,0.200000,27.75400000,1.79195581,1-2
1.13741497,0.300000,29.48400000,1.79195581,1-2
1.13741497,0.400000,29.62400000,1.79195581,1-2
1.13741497,0.500000,29.76200000,1.79195581,1-2
1.14013605,0.100000,0.41000000,2.21125383,0-3
1.14013605,0.200000,28.90000000,2.21125383,0-1
1.14013605,0.300000,29.89800000,2.21125383,0-1
1.14013605,0.400000,30.06800000,2.21125383,0-1
1.14013605,0.500000,30.21400000,2.21125383,0-1
1.14285714,0.100000,0.41000000,11.30149766,1-3
1.14285714,0.200000,28.09200000,11.30149766,1-2
1.14285714,0.300000,29.63400000,11.30149766,1-2
1.14285714,0.400000,29.84200000,11.30149766,1-2
1.14285714,0.500000,29.95200000,11.30149766,1-2
1.14557823,0.100000,0.41200000,1.06547458,1-3
1.14557823,0.200000,27.28800000,1.06547458,1-2
1.14557823,0.300000,29.30600000,1.06547458,1-2
1.14557823,0.400000,29.55000000,1.06547458,1-2
1.14557823,0.500000,29.73600000,1.06547458,1-2
1.14829932,0.100000,0.41400000,1.70851704,0-3
1.14829932,0.200000,26.44600000,1.70851704,0-1
1.14829932,0.300000,28.58800000,1.70851704,0-1
1.14829932,0.400000,28.96400000,1.70851704,0-1
1.14829932,0.500000,29.14600000,1.70851704,0-1
1.15102041,0.100000,0.41600000,1.81750617,0-3
1.15102041,0.200000,26.61800000,1.81750617,0-1
1.15102041,0.300000,28.82400000,1.81750617,0-1
1.15102041,0.400000,29.32000000,1.81750617,0-1
1.15102041,0.500000,29.48800000,1.81750617,0-1
1.15374150,0.100000,0.41600000,29.26718505,2-3
1.15374150,0.200000,25.74800000,29.26718505,0-2
1.15374150,0.300000,28.64800000,29.26718505,0-2
1.15374150,0.400000,28.82800000,29.26718505,0-2
1.15374150,0.500000,28.97600000,29.26718505,0-2
1.15646259,0.100000,0.41800000,4.37867026,0-3
1.15646259,0.200000,0.60400000,4.37867026,2-3
1.15646259,0.300000,27.95200000,4.37867026,0-1
1.15646259,0.400000,28.24400000,4.37867026,0-1
1.15646259,0.500000,28.36400000,4.37867026,0-1
1.15918367,0.100000,0.42000000,1.76172939,0-3
1.15918367,0.200000,0.59200000,1.76172939,2-3
1.15918367,0.300000,27.32400000,1.76172939,0-1
1.15918367,0.400000,27.83400000,1.76172939,0-1
1.15918367,0.500000,27.99000000,1.76172939,0-1
1.16190476,0.100000,0.42200000,1.68280970,0-3
1.16190476,0.200000,0.58800000,1.68280970,2-3
1.16190476,0.300000,27.44600000,1.68280970,0-1
1.16190476,0.400000,27.65000000,1.68280970,0-1
1.16190476,0.500000,27.76400000,1.68280970,0-1
1.16462585,0.100000,0.42400000,1.87148903,1-3
1.16462585,0.200000,0.58400000,1.87148903,2-3
1.16462585,0.300000,28.45400000,1.87148903,1-2
1.16462585,0.400000,28.62400000,1.87148903,1-2
1.16462585,0.500000,28.75200000,1.87148903,1-2
1.16734694,0.100000,0.42600000,19.92072728,0-3
1.16734694,0.200000,0.58400000,19.92072728,0-3
1.16734694,0.300000,27.48800000,19.92072728,2-3
1.16734694,0.400000,28.28000000,19.92072728,0-1
1.16734694,0.500000,28.44400000,19.92072728,0-1
1.17006803,0.100000,0.42800000,12.80744823,1-3
1.17006803,0.200000,0.58200000,12.80744823,0-3
1.17006803,0.300000,26.53600000,12.80744823,1-3
1.17006803,0.400000,27.50200000,12.80744823,0-2
1.17006803,0.500000,27.65800000,12.80744823,0-2
1.17278912,0.100000,0.43000000,10.40387963,1-3
1.17278912,0.200000,0.58200000,10.40387963,0-3
1.17278912,0.300000,26.43600000,10.40387963,1-2
1.17278912,0.400000,26.63400000,10.40387963,1-2
1.17278912,0.500000,26.91000000,10.40387963,1-2
1.17551020,0.100000,0.43200000,17.00021740,0-3
1.17551020,0.200000,0.58400000,17.00021740,1-3
1.17551020,0.300000,26.80800000,17.00021740,0-1
1.17551020,0.400000,27.11400000,17.00021740,0-1
1.17551020,0.500000,27.28600000,17.00021740,0-1
1.17823129,0.100000,0.43400000,15.89533379,1-3
1.17823129,0.200000,0.58400000,15.89533379,0-3
1.17823129,0.300000,24.82600000,15.89533379,0-3
1.17823129,0.400000,26.29400000,15.89533379,1-2
1.17823129,0.500000,26.40400000,15.89533379,1-2
1.18095238,0.100000,0.43800000,3.53276537,1-3
1.18095238,0.200000,0.58400000,3.53276537,0-3
1.18095238,0.300000,24.77200000,3.53276537,0-1
1.18095238,0.400000,25.23000000,3.53276537,0-1
1.18095238,0.500000,25.41200000,3.53276537,0-1
1.18367347,0.100000,0.44000000,1.61898507,0-3
1.18367347,0.200000,0.58600000,1.61898507,0-3
1.18367347,0.300000,23.97800000,1.61898507,2-3
1.18367347,0.400000,24.13000000,1.61898507,2-3
1.18367347,0.500000,24.71400000,1.61898507,2-3
1.18639456,0.100000,0.44200000,14.79912569,0-3
1.18639456,0.200000,0.58800000,14.79912569,0-3
1.18639456,0.300000,24.32600000,14.79912569,0-2
1.18639456,0.400000,24.66600000,14.79912569,0-2
1.18639456,0.500000,24.83600000,14.79912569,0-2
1.18911565,0.100000,0.44400000,18.91052311,0-3
1.18911565,0.200000,0.59000000,18.91052311,0-3
1.18911565,0.300000,25.91000000,18.91052311,0-1
1.18911565,0.400000,26.15800000,18.91052311,0-1
1.18911565,0.500000,26.35000000,18.91052311,0-1
1.19183673,0.100000,0.44800000,8.99454248,0-3
1.19183673,0.200000,0.59000000,8.99454248,1-3
1.19183673,0.300000,24.77400000,8.99454248,1-2
1.19183673,0.400000,25.00400000,8.99454248,1-2
1.19183673,0.500000,25.13800000,8.99454248,1-2
1.19455782,0.100000,0.45000000,13.88530756,1-3
1.19455782,0.200000,0.59200000,13.88530756,2-3
1.19455782,0.300000,24.49200000,13.88530756,0-2
1.19455782,0.400000,24.95800000,13.88530756,0-2
1.19455782,0.500000,25.21000000,13.88530756,0-2
1.19727891,0.100000,0.45200000,26.98010028,1-3
1.19727891,0.200000,0.59600000,26.98010028,1-3
1.19727891,0.300000,21.20600000,26.98010028,0-3
1.19727891,0.400000,21.33200000,26.98010028,0-3
1.19727891,0.500000,21.45000000,26.98010028,0-3
1.20000000,0.100000,0.45600000,34.57858327,1-3
1.20000000,0.200000,0.59800000,34.57858327,1-3
1.20000000,0.300000,20.30400000,34.57858327,0-3
1.20000000,0.400000,20.45800000,34.57858327,0-3
1.20000000,0.500000,21.12400000,34.57858327,0-3
1.20272109,0.100000,0.45800000,19.32152651,1-3
1.20272109,0.200000,0.60000000,19.32152651,0-3
1.20272109,0.300000,21.74600000,19.32152651,0-3
1.20272109,0.400000,23.92400000,19.32152651,1-2
1.20272109,0.500000,24.06800000,19.32152651,1-2
1.20544218,0.100000,0.46200000,44.04821889,0-3
1.20544218,0.200000,0.60200000,44.04821889,0-3
1.20544218,0.300000,20.66800000,44.04821889,2-3
1.20544218,0.400000,22.09600000,44.04821889,0-1
1.20544218,0.500000,22.25200000,44.04821889,0-1
1.20816327,0.100000,0.46400000,30.56208131,1-3
1.20816327,0.200000,0.60600000,30.56208131,0-3
1.20816327,0.300000,20.59000000,30.56208131,0-3
1.20816327,0.400000,20.70200000,30.56208131,0-3
1.20816327,0.500000,20.81000000,30.56208131,0-3
1.21088435,0.100000,0.46800000,26.77328739,0-3
1.21088435,0.200000,0.60800000,26.77328739,0-3
1.21088435,0.300000,19.53400000,26.77328739,2-3
1.21088435,0.400000,19.67600000,26.77328739,2-3
1.21088435,0.500000,19.80400000,26.77328739,2-3
1.21360544,0.100000,0.47000000,8.62201343,1-3
1.21360544,0.200000,0.61200000,8.62201343,2-3
1.21360544,0.300000,18.56000000,8.62201343,0-3
1.21360544,0.400000,18.68800000,8.62201343,0-3
1.21360544,0.500000,19.09000000,8.62201343,0-3
1.21632653,0.100000,0.47400000,25.81981106,0-3
1.21632653,0.200000,0.61400000,25.81981106,0-3
1.21632653,0.300000,21.27400000,25.81981106,0-2
1.21632653,0.400000,21.68800000,25.81981106,0-2
1.21632653,0.500000,21.85000000,25.81981106,0-2
1.21904762,0.100000,0.47800000,28.62821572,1-3
1.21904762,0.200000,0.61800000,28.62821572,1-3
1.21904762,0.300000,19.03200000,28.62821572,2-3
1.21904762,0.400000,20.48400000,28.62821572,0-1
1.21904762,0.500000,20.61400000,28.62821572,0-1
1.22176871,0.100000,0.48000000,40.86853346,1-3
1.22176871,0.200000,0.62000000,40.86853346,1-3
1.22176871,0.300000,17.52800000,40.86853346,0-3
1.22176871,0.400000,17.63600000,40.86853346,0-3
1.22176871,0.500000,17.73800000,40.86853346,0-3
1.22448980,0.100000,0.48400000,26.80449750,1-3
1.22448980,0.200000,0.62400000,26.80449750,1-3
1.22448980,0.300000,17.74800000,26.80449750,0-3
1.22448980,0.400000,17.85800000,26.80449750,0-3
1.22448980,0.500000,17.96800000,26.80449750,0-3
1.22721088,0.100000,0.48800000,36.25654350,1-3
1.22721088,0.200000,0.62800000,36.25654350,1-3
1.22721088,0.300000,17.80400000,36.25654350,0-3
1.22721088,0.400000,17.92600000,36.25654350,0-3
1.22721088,0.500000,18.04200000,36.25654350,0-3
1.22993197,0.100000,0.49000000,36.59736840,0-3
1.22993197,0.200000,0.63200000,36.59736840,0-3
1.22993197,0.300000,17.95600000,36.59736840,0-3
1.22993197,0.400000,18.06600000,36.59736840,0-3
1.22993197,0.500000,18.16800000,36.59736840,0-3
1.23265306,0.100000,0.49400000,26.48519111,0-3
1.23265306,0.200000,0.63400000,26.48519111,0-3
1.23265306,0.300000,18.91800000,26.48519111,1-3
1.23265306,0.400000,19.03400000,26.48519111,1-3
1.23265306,0.500000,19.18000000,26.48519111,1-3
1.23537415,0.100000,0.49800000,40.91085485,0-3
1.23537415,0.200000,0.63800000,40.91085485,0-3
1.23537415,0.300000,16.85400000,40.91085485,2-3
1.23537415,0.400000,16.96600000,40.91085485,2-3
1.23537415,0.500000,17.07400000,40.91085485,2-3
1.23809524,0.100000,0.50200000,20.17612770,1-3
1.23809524,0.200000,0.64200000,20.17612770,1-3
1.23809524,0.300000,17.33600000,20.17612770,0-3
1.23809524,0.400000,17.80000000,20.17612770,0-3
1.23809524,0.500000,19.06400000,20.17612770,0-1
1.24081633,0.100000,0.50600000,40.07302904,0-3
1.24081633,0.200000,0.64600000,40.07302904,0-3
1.24081633,0.300000,17.14200000,40.07302904,1-3
1.24081633,0.400000,17.24000000,40.07302904,1-3
1.24081633,0.500000,17.33400000,40.07302904,1-3
1.24353741,0.100000,0.50800000,42.85344503,1-3
1.24353741,0.200000,0.65000000,42.85344503,1-3
1.24353741,0.300000,15.88200000,42.85344503,0-3
1.24353741,0.400000,15.98800000,42.85344503,0-3
1.24353741,0.500000,16.09400000,42.85344503,0-3
1.24625850,0.100000,0.51200000,37.98146485,1-3
1.24625850,0.200000,0.65400000,37.98146485,1-3
1.24625850,0.300000,18.41800000,37.98146485,0-2
1.24625850,0.400000,18.57000000,37.98146485,0-2
1.24625850,0.500000,18.96800000,37.98146485,0-2
1.24897959,0.100000,0.51600000,18.30552098,0-3
1.24897959,0.200000,0.65800000,18.30552098,0-3
1.24897959,0.300000,18.42200000,18.30552098,1-2
1.24897959,0.400000,18.57200000,18.30552098,1-2
1.24897959,0.500000,18.80000000,18.30552098,1-2
1.25170068,0.100000,0.52000000,31.45140168,0-3
1.25170068,0.200000,0.66400000,31.45140168,0-3
1.25170068,0.300000,16.37800000,31.45140168,0-3
1.25170068,0.400000,16.50400000,31.45140168,0-3
1.25170068,0.500000,16.62800000,31.45140168,0-3
1.25442177,0.100000,0.52400000,25.65957992,1-3
1.25442177,0.200000,0.66800000,25.65957992,1-3
1.25442177,0.300000,15.26600000,25.65957992,0-3
1.25442177,0.400000,15.39600000,25.65957992,0-3
1.25442177,0.500000,15.81000000,25.65957992,0-3
1.25714286,0.100000,0.52800000,11.08617795,1-3
1.25714286,0.200000,0.67200000,11.08617795,1-3
1.25714286,0.300000,15.31000000,11.08617795,0-3
1.25714286,0.400000,15.48000000,11.08617795,0-3
1.25714286,0.500000,15.67600000,11.08617795,0-3
1.25986395,0.100000,0.53200000,51.37265135,1-3
1.25986395,0.200000,0.67600000,51.37265135,1-3
1.25986395,0.300000,14.66200000,51.37265135,0-3
1.25986395,0.400000,15.26200000,51.37265135,0-3
1.25986395,0.500000,15.34800000,51.37265135,0-3
1.26258503,0.100000,0.53600000,30.82812574,1-3
1.26258503,0.200000,0.68000000,30.82812574,1-3
1.26258503,0.300000,15.30400000,30.82812574,0-3
1.26258503,0.400000,15.41800000,30.82812574,0-3
1.26258503,0.500000,15.54000000,30.82812574,0-3
1.26530612,0.100000,0.54200000,13.67698206,1-3
1.26530612,0.200000,0.68600000,13.67698206,1-3
1.26530612,0.300000,16.24400000,13.67698206,2-3
1.26530612,0.400000,17.15800000,13.67698206,1-3
1.26530612,0.500000,17.27000000,13.67698206,1-3
1.26802721,0.100000,0.54600000,48.61387465,1-3
1.26802721,0.200000,0.69000000,48.61387465,1-3
1.26802721,0.300000,14.34600000,48.61387465,0-3
1.26802721,0.400000,14.48400000,48.61387465,0-3
1.26802721,0.500000,15.01800000,48.61387465,0-3
1.27074830,0.100000,0.55000000,22.91167547,0-3
1.27074830,0.200000,0.69600000,22.91167547,0-3
1.27074830,0.300000,15.93400000,22.91167547,1-3
1.27074830,0.400000,16.89200000,22.91167547,1-3
1.27074830,0.500000,17.05200000,22.91167547,1-3
1.27346939,0.100000,0.55400000,25.00277939,0-3
1.27346939,0.200000,0.70000000,25.00277939,0-3
1.27346939,0.300000,13.65000000,25.00277939,2-3
1.27346939,0.400000,14.49200000,25.00277939,2-3
1.27346939,0.500000,14.60000000,25.00277939,2-3
1.27619048,0.100000,0.55800000,22.85527044,0-3
1.27619048,0.200000,0.70400000,22.85527044,0-3
1.27619048,0.300000,17.37400000,22.85527044,0-2
1.27619048,0.400000,17.53000000,22.85527044,0-2
1.27619048,0.500000,17.84200000,22.85527044,0-2
1.27891156,0.100000,0.56200000,25.60175121,0-3
1.27891156,0.200000,0.71000000,25.60175121,0-3
1.27891156,0.300000,13.82400000,25.60175121,1-3
1.27891156,0.400000,14.67400000,25.60175121,1-3
1.27891156,0.500000,14.78000000,25.60175121,1-3
1.28163265,0.100000,0.56800000,21.50420717,0-3
1.28163265,0.200000,0.71600000,21.50420717,1-3
1.28163265,0.300000,13.91800000,21.50420717,2-3
1.28163265,0.400000,16.26200000,21.50420717,0-1
1.28163265,0.500000,16.64800000,21.50420717,0-1
1.28435374,0.100000,0.57200000,44.75973627,0-3
1.28435374,0.200000,0.72000000,44.75973627,0-3
1.28435374,0.300000,14.17400000,44.75973627,2-3
1.28435374,0.400000,17.12200000,44.75973627,0-1
1.28435374,0.500000,17.41800000,44.75973627,0-1
1.28707483,0.100000,0.57600000,40.98538801,1-3
1.28707483,0.200000,0.72600000,40.98538801,1-3
1.28707483,0.300000,12.61400000,40.98538801,0-3
1.28707483,0.400000,16.46400000,40.98538801,0-1
1.28707483,0.500000,16.65200000,40.98538801,0-1
1.28979592,0.100000,0.58200000,28.89594813,0-3
1.28979592,0.200000,0.73000000,28.89594813,0-3
1.28979592,0.300000,12.69800000,28.89594813,1-3
1.28979592,0.400000,18.45200000,28.89594813,0-2
1.28979592,0.500000,18.64200000,28.89594813,0-2
1.29251701,0.100000,0.58600000,57.80911030,1-3
1.29251701,0.200000,0.73600000,57.80911030,1-3
1.29251701,0.300000,12.78000000,57.80911030,0-3
1.29251701,0.400000,13.93200000,57.80911030,0-3
1.29251701,0.500000,14.73600000,57.80911030,0-3
1.29523810,0.100000,0.59200000,7.75066126,0-3
1.29523810,0.200000,0.74200000,7.75066126,0-3
1.29523810,0.300000,0.90200000,7.75066126,2-3
1.29523810,0.400000,13.92000000,7.75066126,2-3
1.29523810,0.500000,14.18600000,7.75066126,2-3
1.29795918,0.100000,0.59600000,58.33922655,1-3
1.29795918,0.200000,0.74800000,58.33922655,1-3
1.29795918,0.300000,0.89600000,58.33922655,0-3
1.29795918,0.400000,13.54400000,58.33922655,0-3
1.29795918,0.500000,13.62600000,58.33922655,0-3
1.30068027,0.100000,0.60000000,42.75954253,0-3
1.30068027,0.200000,0.75200000,42.75954253,0-3
1.30068027,0.300000,0.89600000,42.75954253,2-3
1.30068027,0.400000,13.78400000,42.75954253,2-3
1.30068027,0.500000,13.88800000,42.75954253,2-3
1.30340136,0.100000,0.60600000,35.66533026,0-3
1.30340136,0.200000,0.75800000,35.66533026,0-3
1.30340136,0.300000,0.90000000,35.66533026,2-3
1.30340136,0.400000,13.94400000,35.66533026,2-3
1.30340136,0.500000,14.09200000,35.66533026,2-3
1.30612245,0.100000,0.61200000,33.71940494,0-3
1.30612245,0.200000,0.76400000,33.71940494,0-3
1.30612245,0.300000,0.90200000,33.71940494,2-3
1.30612245,0.400000,14.10600000,33.71940494,2-3
1.30612245,0.500000,14.22400000,33.71940494,2-3
1.30884354,0.100000,0.61600000,39.50394209,0-3
1.30884354,0.200000,0.77000000,39.50394209,0-3
1.30884354,0.300000,0.90600000,39.50394209,1-3
1.30884354,0.400000,16.14800000,39.50394209,0-2
1.30884354,0.500000,16.34600000,39.50394209,0-2
1.31156463,0.100000,0.62200000,32.70794351,1-3
1.31156463,0.200000,0.77600000,32.70794351,1-3
1.31156463,0.300000,0.91000000,32.70794351,0-3
1.31156463,0.400000,15.42400000,32.70794351,0-1
1.31156463,0.500000,15.60800000,32.70794351,0-1
1.31428571,0.100000,0.62600000,34.07530860,0-3
1.31428571,0.200000,0.78200000,34.07530860,1-3
1.31428571,0.300000,0.91600000,34.07530860,2-3
1.31428571,0.400000,14.12800000,34.07530860,2-3
1.31428571,0.500000,14.24200000,34.07530860,2-3
1.31700680,0.100000,0.63200000,22.16085365,1-3
1.31700680,0.200000,0.78800000,22.16085365,1-3
1.31700680,0.300000,0.92000000,22.16085365,0-3
1.31700680,0.400000,12.99400000,22.16085365,0-3
1.31700680,0.500000,13.48400000,22.16085365,0-3
1.31972789,0.100000,0.63800000,45.13770336,1-3
1.31972789,0.200000,0.79400000,45.13770336,1-3
1.31972789,0.300000,0.92600000,45.13770336,1-3
1.31972789,0.400000,12.55600000,45.13770336,1-2
1.31972789,0.500000,12.73200000,45.13770336,1-2
1.32244898,0.100000,0.64200000,18.26714014,1-3
1.32244898,0.200000,0.80000000,18.26714014,1-3
1.32244898,0.300000,0.93000000,18.26714014,1-3
1.32244898,0.400000,12.85600000,18.26714014,0-3
1.32244898,0.500000,12.97200000,18.26714014,0-3
1.32517007,0.100000,0.64800000,78.70485686,0-3
1.32517007,0.200000,0.80600000,78.70485686,0-3
1.32517007,0.300000,0.93600000,78.70485686,0-3
1.32517007,0.400000,12.44200000,78.70485686,0-1
1.32517007,0.500000,12.58200000,78.70485686,0-1
1.32789116,0.100000,0.65400000,20.36957343,1-3
1.32789116,0.200000,0.81400000,20.36957343,1-3
1.32789116,0.300000,0.94200000,20.36957343,1-3
1.32789116,0.400000,10.13000000,20.36957343,1-2
1.32789116,0.500000,10.49000000,20.36957343,1-2
1.33061224,0.100000,0.66000000,56.21692698,0-3
1.33061224,0.200000,0.82000000,56.21692698,0-3
1.33061224,0.300000,0.94800000,56.21692698,0-3
1.33061224,0.400000,9.90200000,56.21692698,0-1
1.33061224,0.500000,10.03800000,56.21692698,0-1
1.33333333,0.100000,0.66600000,38.27356759,1-3
1.33333333,0.200000,0.82600000,38.27356759,1-3
1.33333333,0.300000,0.95400000,38.27356759,1-3
1.33333333,0.400000,9.72600000,38.27356759,1-2
1.33333333,0.500000,9.87600000,38.27356759,1-2
1.33605442,0.100000,0.67200000,10.99808865,0-3
1.33605442,0.200000,0.83200000,10.99808865,0-3
1.33605442,0.300000,0.96000000,10.99808865,0-3
1.33605442,0.400000,9.63600000,10.99808865,0-1
1.33605442,0.500000,9.79000000,10.99808865,0-1
1.33877551,0.100000,0.67600000,23.49065810,1-3
1.33877551,0.200000,0.84000000,23.49065810,1-3
1.33877551,0.300000,0.96600000,23.49065810,1-3
1.33877551,0.400000,9.62000000,23.49065810,1-2
1.33877551,0.500000,9.77400000,23.49065810,1-2
1.34149660,0.100000,0.68200000,35.67423774,1-3
1.34149660,0.200000,0.84600000,35.67423774,1-3
1.34149660,0.300000,0.97200000,35.67423774,1-3
1.34149660,0.400000,9.67400000,35.67423774,0-1
1.34149660,0.500000,9.82600000,35.67423774,0-1
1.34421769,0.100000,0.68800000,68.70764516,1-3
1.34421769,0.200000,0.85200000,68.70764516,1-3
1.34421769,0.300000,0.98000000,68.70764516,1-3
1.34421769,0.400000,9.80800000,68.70764516,1-2
1.34421769,0.500000,9.95600000,68.70764516,1-2
1.34693878,0.100000,0.69400000,65.10554493,1-3
1.34693878,0.200000,0.86000000,65.10554493,1-3
1.34693878,0.300000,0.98600000,65.10554493,1-3
1.34693878,0.400000,10.04600000,65.10554493,1-2
1.34693878,0.500000,10.18200000,65.10554493,1-2
1.34965986,0.100000,0.70200000,31.38972030,1-3
1.34965986,0.200000,0.86600000,31.38972030,1-3
1.34965986,0.300000,0.99400000,31.38972030,1-3
1.34965986,0.400000,10.37200000,31.38972030,0-1
1.34965986,0.500000,10.71000000,31.38972030,0-1
1.35238095,0.100000,0.70800000,42.45238033,0-3
1.35238095,0.200000,0.87400000,42.45238033,0-3
1.35238095,0.300000,1.00000000,42.45238033,0-3
1.35238095,0.400000,13.50200000,42.45238033,0-1
1.35238095,0.500000,13.69200000,42.45238033,0-1
1.35510204,0.100000,0.71400000,9.79198925,1-3
1.35510204,0.200000,0.88000000,9.79198925,1-3
1.35510204,0.300000,1.00800000,9.79198925,1-3
1.35510204,0.400000,13.33800000,9.79198925,2-3
1.35510204,0.500000,13.67000000,9.79198925,2-3
1.35782313,0.100000,0.72000000,31.09387551,0-3
1.35782313,0.200000,0.88800000,31.09387551,0-3
1.35782313,0.300000,1.01400000,31.09387551,0-3
1.35782313,0.400000,13.82200000,31.09387551,2-3
1.35782313,0.500000,13.98000000,31.09387551,2-3
1.36054422,0.100000,0.72600000,31.57082928,0-3
1.36054422,0.200000,0.89600000,31.57082928,0-3
1.36054422,0.300000,1.02200000,31.57082928,0-3
1.36054422,0.400000,14.59000000,31.57082928,0-1
1.36054422,0.500000,14.79600000,31.57082928,0-1
1.36326531,0.100000,0.73200000,24.57530675,1-3
1.36326531,0.200000,0.90200000,24.57530675,1-3
1.36326531,0.300000,1.03000000,24.57530675,1-3
1.36326531,0.400000,13.51000000,24.57530675,2-3
1.36326531,0.500000,13.69000000,24.57530675,2-3
1.36598639,0.100000,0.74000000,31.23536148,1-3
1.36598639,0.200000,0.91000000,31.23536148,1-3
1.36598639,0.300000,1.03600000,31.23536148,1-3
1.36598639,0.400000,13.37800000,31.23536148,0-1
1.36598639,0.500000,13.66600000,31.23536148,0-1
1.36870748,0.100000,0.74600000,7.89601352,1-3
1.36870748,0.200000,0.91800000,7.89601352,1-3
1.36870748,0.300000,1.04400000,7.89601352,1-3
1.36870748,0.400000,13.53400000,7.89601352,2-3
1.36870748,0.500000,13.68800000,7.89601352,2-3
1.37142857,0.100000,0.75200000,24.12479538,1-3
1.37142857,0.200000,0.92600000,24.12479538,1-3
1.37142857,0.300000,1.05200000,24.12479538,1-3
1.37142857,0.400000,12.42400000,24.12479538,0-3
1.37142857,0.500000,12.55200000,24.12479538,0-3
1.37414966,0.100000,0.76000000,14.39516464,1-3
1.37414966,0.200000,0.93400000,14.39516464,1-3
1.37414966,0.300000,1.06000000,14.39516464,1-3
1.37414966,0.400000,14.09200000,14.39516464,2-3
1.37414966,0.500000,14.41400000,14.39516464,2-3
1.37687075,0.100000,0.76600000,7.37415490,1-3
1.37687075,0.200000,0.94000000,7.37415490,1-3
1.37687075,0.300000,1.06800000,7.37415490,1-3
1.37687075,0.400000,12.72600000,7.37415490,0-3
1.37687075,0.500000,12.92400000,7.37415490,0-3
1.37959184,0.100000,0.77200000,14.37028022,1-3
1.37959184,0.200000,0.94800000,14.37028022,1-3
1.37959184,0.300000,1.07600000,14.37028022,1-3
1.37959184,0.400000,13.67200000,14.37028022,2-3
1.37959184,0.500000,13.81800000,14.37028022,2-3
1.38231293,0.100000,0.78000000,86.33073097,1-3
1.38231293,0.200000,0.95600000,86.33073097,1-3
1.38231293,0.300000,1.08400000,86.33073097,1-3
1.38231293,0.400000,11.09600000,86.33073097,1-2
1.38231293,0.500000,11.23200000,86.33073097,1-2
1.38503401,0.100000,0.78600000,57.44828557,1-3
1.38503401,0.200000,0.96400000,57.44828557,1-3
1.38503401,0.300000,1.09200000,57.44828557,1-3
1.38503401,0.400000,10.75800000,57.44828557,1-2
1.38503401,0.500000,10.92600000,57.44828557,1-2
1.38775510,0.100000,0.79400000,22.59329707,1-3
1.38775510,0.200000,0.97200000,22.59329707,1-3
1.38775510,0.300000,1.10000000,22.59329707,1-3
1.38775510,0.400000,10.60600000,22.59329707,1-2
1.38775510,0.500000,10.78600000,22.59329707,1-2
1.39047619,0.100000,0.80200000,63.33180025,1-3
1.39047619,0.200000,0.98200000,63.33180025,1-3
1.39047619,0.300000,1.11000000,63.33180025,1-3
1.39047619,0.400000,10.59400000,63.33180025,1-2
1.39047619,0.500000,10.78600000,63.33180025,1-2
1.39319728,0.100000,0.80800000,6.25254789,1-3
1.39319728,0.200000,0.99000000,6.25254789,1-3
1.39319728,0.300000,1.11800000,6.25254789,1-3
1.39319728,0.400000,10.67200000,6.25254789,1-2
1.39319728,0.500000,10.87600000,6.25254789,1-2
1.39591837,0.100000,0.81600000,29.91490835,1-3
1.39591837,0.200000,0.99800000,29.91490835,1-3
1.39591837,0.300000,1.12600000,29.91490835,1-3
1.39591837,0.400000,10.83200000,29.91490835,1-2
1.39591837,0.500000,11.04400000,29.91490835,1-2
1.39863946,0.100000,0.82400000,52.43453420,1-3
1.39863946,0.200000,1.00600000,52.43453420,1-3
1.39863946,0.300000,1.13600000,52.43453420,1-3
1.39863946,0.400000,11.10600000,52.43453420,0-2
1.39863946,0.500000,11.31400000,52.43453420,0-2
1.40136054,0.100000,0.83000000,47.33746042,1-3
1.40136054,0.200000,1.01400000,47.33746042,1-3
1.40136054,0.300000,1.14400000,47.33746042,1-3
1.40136054,0.400000,11.56000000,47.33746042,1-2
1.40136054,0.500000,11.75200000,47.33746042,1-2
1.40408163,0.100000,0.83800000,45.07012810,1-3
1.40408163,0.200000,1.02400000,45.07012810,1-3
1.40408163,0.300000,1.15400000,45.07012810,1-3
1.40408163,0.400000,12.18200000,45.07012810,1-2
1.40408163,0.500000,12.51600000,45.07012810,0-2
1.40680272,0.100000,0.84600000,50.58405472,1-3
1.40680272,0.200000,1.03200000,50.58405472,1-3
1.40680272,0.300000,1.16200000,50.58405472,1-3
1.40680272,0.400000,13.42200000,50.58405472,0-3
1.40680272,0.500000,13.51000000,50.58405472,0-3
1.40952381,0.100000,0.85400000,28.94133989,0-3
1.40952381,0.200000,1.04000000,28.94133989,0-3
1.40952381,0.300000,1.17200000,28.94133989,0-3
1.40952381,0.400000,14.33000000,28.94133989,1-3
1.40952381,0.500000,14.57000000,28.94133989,0-3
1.41224490,0.100000,0.86200000,39.88027615,1-3
1.41224490,0.200000,1.05000000,39.88027615,1-3
1.41224490,0.300000,1.18000000,39.88027615,1-3
1.41224490,0.400000,14.16200000,39.88027615,0-3
1.41224490,0.500000,14.32800000,39.88027615,0-3
1.41496599,0.100000,0.87000000,24.48517452,1-3
1.41496599,0.200000,1.05800000,24.48517452,1-3
1.41496599,0.300000,1.19000000,24.48517452,1-3
1.41496599,0.400000,14.09800000,24.48517452,2-3
1.41496599,0.500000,14.34600000,24.48517452,2-3
1.41768707,0.100000,0.87800000,29.22873020,1-3
1.41768707,0.200000,1.06800000,29.22873020,1-3
1.41768707,0.300000,1.20000000,29.22873020,1-3
1.41768707,0.400000,14.13400000,29.22873020,0-3
1.41768707,0.500000,14.25000000,29.22873020,0-3
1.42040816,0.100000,0.88600000,44.13808471,2-3
1.42040816,0.200000,1.07800000,44.13808471,1-3
1.42040816,0.300000,1.21000000,44.13808471,1-3
1.42040816,0.400000,14.00400000,44.13808471,2-3
1.42040816,0.500000,14.09600000,44.13808471,2-3
1.42312925,0.100000,0.89400000,26.40102350,1-3
1.42312925,0.200000,1.08600000,26.40102350,1-3
1.42312925,0.300000,1.22000000,26.40102350,1-3
1.42312925,0.400000,14.56600000,26.40102350,2-3
1.42312925,0.500000,15.00800000,26.40102350,2-3
1.42585034,0.100000,0.90200000,47.47593003,1-3
1.42585034,0.200000,1.09600000,47.47593003,1-3
1.42585034,0.300000,1.23000000,47.47593003,1-3
1.42585034,0.400000,13.72200000,47.47593003,0-1
1.42585034,0.500000,14.13800000,47.47593003,0-1
1.42857143,0.100000,0.91000000,62.91054941,1-3
1.42857143,0.200000,1.10600000,62.91054941,1-3
1.42857143,0.300000,1.24000000,62.91054941,1-3
1.42857143,0.400000,13.96200000,62.91054941,0-3
1.42857143,0.500000,14.03400000,62.91054941,0-3
1.43129252,0.100000,0.92000000,30.37060544,0-3
1.43129252,0.200000,1.11400000,30.37060544,0-3
1.43129252,0.300000,1.25000000,30.37060544,0-3
1.43129252,0.400000,14.36800000,30.37060544,2-3
1.43129252,0.500000,14.48600000,30.37060544,2-3
1.43401361,0.100000,0.92800000,33.70107430,1-3
1.43401361,0.200000,1.12400000,33.70107430,1-3
1.43401361,0.300000,1.26000000,33.70107430,1-3
1.43401361,0.400000,14.38200000,33.70107430,0-3
1.43401361,0.500000,14.54400000,33.70107430,0-3
1.43673469,0.100000,0.93600000,33.18274288,1-3
1.43673469,0.200000,1.13400000,33.18274288,1-3
1.43673469,0.300000,1.27000000,33.18274288,1-3
1.43673469,0.400000,14.98200000,33.18274288,0-3
1.43673469,0.500000,15.17000000,33.18274288,0-3
1.43945578,0.100000,0.94400000,22.66173893,1-3
1.43945578,0.200000,1.14400000,22.66173893,1-3
1.43945578,0.300000,1.28000000,22.66173893,1-3
1.43945578,0.400000,16.60800000,22.66173893,0-1
1.43945578,0.500000,16.84400000,22.66173893,0-1
1.44217687,0.100000,0.95400000,34.74636609,0-3
1.44217687,0.200000,1.15400000,34.74636609,0-3
1.44217687,0.300000,1.29000000,34.74636609,0-3
1.44217687,0.400000,16.09400000,34.74636609,2-3
1.44217687,0.500000,16.21000000,34.74636609,2-3
1.44489796,0.100000,0.96200000,18.94428105,1-3
1.44489796,0.200000,1.16400000,18.94428105,1-3
1.44489796,0.300000,1.30200000,18.94428105,1-3
1.44489796,0.400000,13.67200000,18.94428105,0-3
1.44489796,0.500000,14.32800000,18.94428105,0-3
1.44761905,0.100000,0.97200000,23.48509806,1-3
1.44761905,0.200000,1.17400000,23.48509806,1-3
1.44761905,0.300000,1.31200000,23.48509806,1-3
1.44761905,0.400000,14.91000000,23.48509806,0-1
1.44761905,0.500000,15.30000000,23.48509806,0-1
1.45034014,0.100000,0.98000000,34.06031668,1-3
1.45034014,0.200000,1.18400000,34.06031668,1-3
1.45034014,0.300000,1.32400000,34.06031668,1-3
1.45034014,0.400000,13.74800000,34.06031668,0-3
1.45034014,0.500000,13.98800000,34.06031668,0-3
1.45306122,0.100000,0.99000000,23.98028553,1-3
1.45306122,0.200000,1.19600000,23.98028553,1-3
1.45306122,0.300000,1.33400000,23.98028553,1-3
1.45306122,0.400000,13.42800000,23.98028553,0-3
1.45306122,0.500000,13.63000000,23.98028553,0-3
1.45578231,0.100000,1.00000000,40.71956605,1-3
1.45578231,0.200000,1.20600000,40.71956605,1-3
1.45578231,0.300000,1.34600000,40.71956605,1-3
1.45578231,0.400000,13.19800000,40.71956605,0-3
1.45578231,0.500000,13.29400000,40.71956605,0-3
1.45850340,0.100000,1.00800000,22.90773292,2-3
1.45850340,0.200000,1.21600000,22.90773292,1-3
1.45850340,0.300000,1.35600000,22.90773292,1-3
1.45850340,0.400000,12.34200000,22.90773292,1-2
1.45850340,0.500000,15.22600000,22.90773292,1-2
1.46122449,0.100000,1.01800000,43.32605632,1-3
1.46122449,0.200000,1.22800000,43.32605632,1-3
1.46122449,0.300000,1.36800000,43.32605632,1-3
1.46122449,0.400000,12.40200000,43.32605632,1-2
1.46122449,0.500000,13.41600000,43.32605632,0-3
1.46394558,0.100000,1.02800000,47.02224831,1-3
1.46394558,0.200000,1.23800000,47.02224831,1-3
1.46394558,0.300000,1.38000000,47.02224831,1-3
1.46394558,0.400000,12.47200000,47.02224831,1-2
1.46394558,0.500000,13.59800000,47.02224831,0-3
1.46666667,0.100000,1.03800000,32.23105264,0-3
1.46666667,0.200000,1.24800000,32.23105264,0-3
1.46666667,0.300000,1.39000000,32.23105264,0-3
1.46666667,0.400000,12.54200000,32.23105264,0-1
1.46666667,0.500000,13.94600000,32.23105264,2-3
1.46938776,0.100000,1.04800000,31.15489008,1-3
1.46938776,0.200000,1.26000000,31.15489008,1-3
1.46938776,0.300000,1.40200000,31.15489008,1-3
1.46938776,0.400000,12.60800000,31.15489008,1-2
1.46938776,0.500000,13.91600000,31.15489008,0-3
1.47210884,0.100000,1.05800000,35.65949393,1-3
1.47210884,0.200000,1.27200000,35.65949393,1-3
1.47210884,0.300000,1.41400000,35.65949393,1-3
1.47210884,0.400000,12.66800000,35.65949393,1-2
1.47210884,0.500000,13.76600000,35.65949393,0-3
1.47482993,0.100000,1.06800000,39.68044657,1-3
1.47482993,0.200000,1.28200000,39.68044657,1-3
1.47482993,0.300000,1.42600000,39.68044657,1-3
1.47482993,0.400000,12.73000000,39.68044657,1-2
1.47482993,0.500000,13.89000000,39.68044657,0-3
1.47755102,0.100000,1.07800000,26.09798896,1-3
1.47755102,0.200000,1.29400000,26.09798896,1-3
1.47755102,0.300000,1.43800000,26.09798896,1-3
1.47755102,0.400000,12.79400000,26.09798896,1-2
1.47755102,0.500000,13.96800000,26.09798896,1-2
1.48027211,0.100000,1.08800000,45.10451156,1-3
1.48027211,0.200000,1.30600000,45.10451156,1-3
1.48027211,0.300000,1.45000000,45.10451156,1-3
1.48027211,0.400000,12.85600000,45.10451156,1-2
1.48027211,0.500000,13.85000000,45.10451156,1-2
1.48299320,0.100000,1.09800000,32.06394278,1-3
1.48299320,0.200000,1.31800000,32.06394278,0-3
1.48299320,0.300000,1.46200000,32.06394278,0-3
1.48299320,0.400000,12.95200000,32.06394278,0-1
1.48299320,0.500000,14.57200000,32.06394278,0-1
1.48571429,0.100000,1.10800000,22.95907279,1-3
1.48571429,0.200000,1.32800000,22.95907279,1-3
1.48571429,0.300000,1.47600000,22.95907279,1-3
1.48571429,0.400000,6.77000000,22.95907279,0-2
1.48571429,0.500000,14.97600000,22.95907279,0-1
1.48843537,0.100000,1.12000000,34.91014966,1-3
1.48843537,0.200000,1.34000000,34.91014966,1-3
1.48843537,0.300000,1.48800000,34.91014966,1-3
1.48843537,0.400000,6.81400000,34.91014966,0-2
1.48843537,0.500000,14.26800000,34.91014966,0-3
1.49115646,0.100000,1.13000000,59.95126459,1-3
1.49115646,0.200000,1.35200000,59.95126459,1-3
1.49115646,0.300000,1.50000000,59.95126459,1-3
1.49115646,0.400000,6.86200000,59.95126459,0-2
1.49115646,0.500000,14.08800000,59.95126459,0-3
1.49387755,0.100000,1.14000000,67.11406746,1-3
1.49387755,0.200000,1.36400000,67.11406746,1-3
1.49387755,0.300000,1.51400000,67.11406746,1-3
1.49387755,0.400000,6.91200000,67.11406746,0-2
1.49387755,0.500000,14.20400000,67.11406746,0-3
1.49659864,0.100000,1.15200000,58.13075290,1-3
1.49659864,0.200000,1.37800000,58.13075290,1-3
1.49659864,0.300000,1.52600000,58.13075290,1-3
1.49659864,0.400000,1.67800000,58.13075290,0-3
1.49659864,0.500000,14.43800000,58.13075290,0-3
1.49931973,0.100000,1.16200000,27.96132157,1-3
1.49931973,0.200000,1.39000000,27.96132157,1-3
1.49931973,0.300000,1.54000000,27.96132157,1-3
1.49931973,0.400000,1.68600000,27.96132157,0-3
1.49931973,0.500000,15.12600000,27.96132157,2-3
1.50204082,0.100000,1.17400000,47.51958180,1-3
1.50204082,0.200000,1.40200000,47.51958180,1-3
1.50204082,0.300000,1.55200000,47.51958180,1-3
1.50204082,0.400000,1.69600000,47.51958180,0-3
1.50204082,0.500000,14.92200000,47.51958180,0-3
1.50476190,0.100000,1.18600000,13.00362377,0-3
1.50476190,0.200000,1.41400000,13.00362377,0-3
1.50476190,0.300000,1.56600000,13.00362377,0-3
1.50476190,0.400000,1.70800000,13.00362377,2-3
1.50476190,0.500000,16.26000000,13.00362377,2-3
1.50748299,0.100000,1.19600000,36.32692180,0-3
1.50748299,0.200000,1.42800000,36.32692180,1-3
1.50748299,0.300000,1.58000000,36.32692180,1-3
1.50748299,0.400000,1.72000000,36.32692180,2-3
1.50748299,0.500000,14.84800000,36.32692180,1-2
1.51020408,0.100000,1.20800000,41.75325883,1-3
1.51020408,0.200000,1.44000000,41.75325883,1-3
1.51020408,0.300000,1.59400000,41.75325883,1-3
1.51020408,0.400000,1.73200000,41.75325883,2-3
1.51020408,0.500000,14.28400000,41.75325883,1-2
1.51292517,0.100000,1.22000000,58.31911453,1-3
1.51292517,0.200000,1.45400000,58.31911453,1-3
1.51292517,0.300000,1.60600000,58.31911453,1-3
1.51292517,0.400000,1.74400000,58.31911453,0-3
1.51292517,0.500000,14.59200000,58.31911453,0-3
1.51564626,0.100000,1.23200000,16.05522372,1-3
1.51564626,0.200000,1.46600000,16.05522372,1-3
1.51564626,0.300000,1.62000000,16.05522372,1-3
1.51564626,0.400000,1.75800000,16.05522372,0-3
1.51564626,0.500000,12.45600000,16.05522372,1-2
1.51836735,0.100000,1.24400000,62.73989194,1-3
1.51836735,0.200000,1.48000000,62.73989194,1-3
1.51836735,0.300000,1.63400000,62.73989194,1-3
1.51836735,0.400000,1.77000000,62.73989194,0-3
1.51836735,0.500000,11.74000000,62.73989194,1-2
1.52108844,0.100000,1.25600000,98.60570108,1-3
1.52108844,0.200000,1.49400000,98.60570108,1-3
1.52108844,0.300000,1.65000000,98.60570108,1-3
1.52108844,0.400000,1.78400000,98.60570108,0-3
1.52108844,0.500000,11.70200000,98.60570108,0-1
1.52380952,0.100000,1.26800000,22.66764862,1-3
1.52380952,0.200000,1.50600000,22.66764862,1-3
1.52380952,0.300000,1.66400000,22.66764862,1-3
1.52380952,0.400000,1.79800000,22.66764862,1-3
1.52380952,0.500000,11.64400000,22.66764862,0-1
1.52653061,0.100000,1.28000000,40.02342042,0-3
1.52653061,0.200000,1.52000000,40.02342042,0-3
1.52653061,0.300000,1.67800000,40.02342042,0-3
1.52653061,0.400000,1.81200000,40.02342042,0-3
1.52653061,0.500000,11.57600000,40.02342042,0-1
1.52925170,0.100000,1.29200000,47.14314093,0-3
1.52925170,0.200000,1.53400000,47.14314093,0-3
1.52925170,0.300000,1.69200000,47.14314093,0-3
1.52925170,0.400000,1.82600000,47.14314093,0-3
1.52925170,0.500000,11.51000000,47.14314093,0-1
1.53197279,0.100000,1.30600000,30.39800489,0-3
1.53197279,0.200000,1.54800000,30.39800489,1-3
1.53197279,0.300000,1.70800000,30.39800489,1-3
1.53197279,0.400000,1.84000000,30.39800489,1-3
1.53197279,0.500000,11.45200000,30.39800489,0-1
1.53469388,0.100000,1.31800000,23.82416267,1-3
1.53469388,0.200000,1.56200000,23.82416267,1-3
1.53469388,0.300000,1.72200000,23.82416267,1-3
1.53469388,0.400000,1.85400000,23.82416267,1-3
1.53469388,0.500000,11.41000000,23.82416267,1-2
1.53741497,0.100000,1.33000000,37.99941015,1-3
1.53741497,0.200000,1.57600000,37.99941015,1-3
1.53741497,0.300000,1.73800000,37.99941015,1-3
1.53741497,0.400000,1.87000000,37.99941015,1-3
1.53741497,0.500000,11.38000000,37.99941015,1-2
1.54013605,0.100000,1.34400000,24.07822298,1-3
1.54013605,0.200000,1.59200000,24.07822298,1-3
1.54013605,0.300000,1.75200000,24.07822298,1-3
1.54013605,0.400000,1.88400000,24.07822298,1-3
1.54013605,0.500000,11.36600000,24.07822298,1-2
1.54285714,0.100000,1.35600000,46.77956512,0-3
1.54285714,0.200000,1.60600000,46.77956512,0-3
1.54285714,0.300000,1.76800000,46.77956512,0-3
1.54285714,0.400000,1.90000000,46.77956512,0-3
1.54285714,0.500000,11.36600000,46.77956512,0-1
1.54557823,0.100000,1.37000000,27.42840009,0-3
1.54557823,0.200000,1.62000000,27.42840009,0-3
1.54557823,0.300000,1.78400000,27.42840009,0-3
1.54557823,0.400000,1.91600000,27.42840009,0-3
1.54557823,0.500000,11.37800000,27.42840009,0-1
1.54829932,0.100000,1.38400000,30.59392863,1-3
1.54829932,0.200000,1.63600000,30.59392863,1-3
1.54829932,0.300000,1.80000000,30.59392863,1-3
1.54829932,0.400000,1.93200000,30.59392863,1-3
1.54829932,0.500000,11.40200000,30.59392863,1-2
1.55102041,0.100000,1.39800000,21.05806292,1-3
1.55102041,0.200000,1.65000000,21.05806292,1-3
1.55102041,0.300000,1.81600000,21.05806292,1-3
1.55102041,0.400000,1.94800000,21.05806292,1-3
1.55102041,0.500000,11.43600000,21.05806292,1-2
1.55374150,0.100000,1.41000000,46.56488296,1-3
1.55374150,0.200000,1.66600000,46.56488296,1-3
1.55374150,0.300000,1.83200000,46.56488296,1-3
1.55374150,0.400000,1.96400000,46.56488296,1-3
1.55374150,0.500000,11.47800000,46.56488296,0-1
1.55646259,0.100000,1.42400000,21.93166487,1-3
1.55646259,0.200000,1.68200000,21.93166487,1-3
1.55646259,0.300000,1.84800000,21.93166487,1-3
1.55646259,0.400000,1.98000000,21.93166487,1-3
1.55646259,0.500000,11.52600000,21.93166487,1-2
1.55918367,0.100000,1.43800000,19.89409124,1-3
1.55918367,0.200000,1.69600000,19.89409124,1-3
1.55918367,0.300000,1.86400000,19.89409124,1-3
1.55918367,0.400000,1.99600000,19.89409124,1-3
1.55918367,0.500000,11.58200000,19.89409124,1-2
1.56190476,0.100000,1.45400000,20.63338128,1-3
1.56190476,0.200000,1.71200000,20.63338128,1-3
1.56190476,0.300000,1.88000000,20.63338128,1-3
1.56190476,0.400000,2.01200000,20.63338128,1-3
1.56190476,0.500000,11.64600000,20.63338128,1-2
1.56462585,0.100000,1.46800000,37.58604811,1-3
1.56462585,0.200000,1.72800000,37.58604811,1-3
1.56462585,0.300000,1.89800000,37.58604811,1-3
1.56462585,0.400000,2.03000000,37.58604811,1-3
1.56462585,0.500000,11.71400000,37.58604811,1-2
1.56734694,0.100000,1.48200000,32.52504316,1-3
1.56734694,0.200000,1.74400000,32.52504316,1-3
1.56734694,0.300000,1.91400000,32.52504316,1-3
1.56734694,0.400000,2.04600000,32.52504316,1-3
1.56734694,0.500000,11.78600000,32.52504316,1-2
1.57006803,0.100000,1.49600000,20.95183399,0-3
1.57006803,0.200000,1.76000000,20.95183399,0-3
1.57006803,0.300000,1.93200000,20.95183399,0-3
1.57006803,0.400000,2.06400000,20.95183399,0-3
1.57006803,0.500000,11.86400000,20.95183399,0-1
1.57278912,0.100000,1.51200000,9.40542118,0-3
1.57278912,0.200000,1.77600000,9.40542118,0-3
1.57278912,0.300000,1.94800000,9.40542118,0-3
1.57278912,0.400000,2.08000000,9.40542118,0-3
1.57278912,0.500000,11.94800000,9.40542118,0-1
1.57551020,0.100000,1.52600000,19.13325981,1-3
1.57551020,0.200000,1.79400000,19.13325981,1-3
1.57551020,0.300000,1.96600000,19.13325981,1-3
1.57551020,0.400000,2.09800000,19.13325981,1-3
1.57551020,0.500000,12.03400000,19.13325981,1-2
1.57823129,0.100000,1.54200000,39.87943349,1-3
1.57823129,0.200000,1.81000000,39.87943349,1-3
1.57823129,0.300000,1.98400000,39.87943349,1-3
1.57823129,0.400000,2.11600000,39.87943349,1-3
1.57823129,0.500000,12.12400000,39.87943349,0-1
1.58095238,0.100000,1.55600000,28.73401742,1-3
1.58095238,0.200000,1.82600000,28.73401742,1-3
1.58095238,0.300000,2.00200000,28.73401742,1-3
1.58095238,0.400000,2.13400000,28.73401742,1-3
1.58095238,0.500000,12.21800000,28.73401742,0-1
1.58367347,0.100000,1.57200000,50.99328821,0-3
1.58367347,0.200000,1.84400000,50.99328821,0-3
1.58367347,0.300000,2.02000000,50.99328821,0-3
1.58367347,0.400000,2.15200000,50.99328821,0-3
1.58367347,0.500000,12.31600000,50.99328821,0-1
1.58639456,0.100000,1.58800000,27.35850154,1-3
1.58639456,0.200000,1.86200000,27.35850154,1-3
1.58639456,0.300000,2.03800000,27.35850154,1-3
1.58639456,0.400000,2.17200000,27.35850154,1-3
1.58639456,0.500000,12.41800000,27.35850154,1-2
1.58911565,0.100000,1.60400000,20.76117176,1-3
1.58911565,0.200000,1.87800000,20.76117176,1-3
1.58911565,0.300000,2.05600000,20.76117176,1-3
1.58911565,0.400000,2.19000000,20.76117176,1-3
1.58911565,0.500000,12.52600000,20.76117176,1-2
1.59183673,0.100000,1.62000000,38.24431366,1-3
1.59183673,0.200000,1.89600000,38.24431366,1-3
1.59183673,0.300000,2.07400000,38.24431366,1-3
1.59183673,0.400000,2.20800000,38.24431366,1-3
1.59183673,0.500000,12.63600000,38.24431366,0-1
1.59455782,0.100000,1.63600000,54.45152681,1-3
1.59455782,0.200000,1.91400000,54.45152681,1-3
1.59455782,0.300000,2.09400000,54.45152681,1-3
1.59455782,0.400000,2.22800000,54.45152681,1-3
1.59455782,0.500000,12.74800000,54.45152681,1-2
1.59727891,0.100000,1.65200000,85.38590220,0-3
1.59727891,0.200000,1.93200000,85.38590220,0-3
1.59727891,0.300000,2.11200000,85.38590220,0-3
1.59727891,0.400000,2.24600000,85.38590220,0-3
1.59727891,0.500000,12.86800000,85.38590220,0-1
1.60000000,0.100000,1.67000000,52.26104820,0-3
1.60000000,0.200000,1.95000000,52.26104820,0-3
1.60000000,0.300000,2.13200000,52.26104820,0-3
1.60000000,0.400000,2.26600000,52.26104820,0-3
1.60000000,0.500000,12.99000000,52.26104820,0-1